fecha_hora_original,fecha_hora_bolivia,fecha,hora,hz,estado_rango
2026-06-18T08:56:39Z,2026-06-18T08:56:39-04:00,18/06/2026,08:56:39,50.06,Normal
2026-06-18T08:56:40Z,2026-06-18T08:56:40-04:00,18/06/2026,08:56:40,50.062,Normal
2026-06-18T08:56:41Z,2026-06-18T08:56:41-04:00,18/06/2026,08:56:41,50.063,Normal
2026-06-18T08:56:42Z,2026-06-18T08:56:42-04:00,18/06/2026,08:56:42,50.063,Normal
2026-06-18T08:56:44Z,2026-06-18T08:56:44-04:00,18/06/2026,08:56:44,50.061,Normal
2026-06-18T08:56:45Z,2026-06-18T08:56:45-04:00,18/06/2026,08:56:45,50.059,Normal
2026-06-18T08:56:46Z,2026-06-18T08:56:46-04:00,18/06/2026,08:56:46,50.059,Normal
2026-06-18T08:56:47Z,2026-06-18T08:56:47-04:00,18/06/2026,08:56:47,50.06,Normal
2026-06-18T08:56:48Z,2026-06-18T08:56:48-04:00,18/06/2026,08:56:48,50.063,Normal
2026-06-18T08:56:49Z,2026-06-18T08:56:49-04:00,18/06/2026,08:56:49,50.065,Normal
2026-06-18T08:56:50Z,2026-06-18T08:56:50-04:00,18/06/2026,08:56:50,50.066,Normal
2026-06-18T08:56:51Z,2026-06-18T08:56:51-04:00,18/06/2026,08:56:51,50.064,Normal
2026-06-18T08:56:52Z,2026-06-18T08:56:52-04:00,18/06/2026,08:56:52,50.061,Normal
2026-06-18T08:56:53Z,2026-06-18T08:56:53-04:00,18/06/2026,08:56:53,50.059,Normal
2026-06-18T08:56:54Z,2026-06-18T08:56:54-04:00,18/06/2026,08:56:54,50.058,Normal
2026-06-18T08:56:55Z,2026-06-18T08:56:55-04:00,18/06/2026,08:56:55,50.057,Normal
2026-06-18T08:56:56Z,2026-06-18T08:56:56-04:00,18/06/2026,08:56:56,50.055,Normal
2026-06-18T08:56:57Z,2026-06-18T08:56:57-04:00,18/06/2026,08:56:57,50.054,Normal
2026-06-18T08:56:58Z,2026-06-18T08:56:58-04:00,18/06/2026,08:56:58,50.07,Normal
2026-06-18T08:56:59Z,2026-06-18T08:56:59-04:00,18/06/2026,08:56:59,50.094,Normal
2026-06-18T08:57:00Z,2026-06-18T08:57:00-04:00,18/06/2026,08:57:00,50.112,Normal
2026-06-18T08:57:01Z,2026-06-18T08:57:01-04:00,18/06/2026,08:57:01,50.123,Normal
2026-06-18T08:57:02Z,2026-06-18T08:57:02-04:00,18/06/2026,08:57:02,50.124,Normal
2026-06-18T08:57:03Z,2026-06-18T08:57:03-04:00,18/06/2026,08:57:03,50.123,Normal
2026-06-18T08:57:04Z,2026-06-18T08:57:04-04:00,18/06/2026,08:57:04,50.122,Normal
2026-06-18T08:57:05Z,2026-06-18T08:57:05-04:00,18/06/2026,08:57:05,50.12,Normal
2026-06-18T08:57:06Z,2026-06-18T08:57:06-04:00,18/06/2026,08:57:06,50.119,Normal
2026-06-18T08:57:07Z,2026-06-18T08:57:07-04:00,18/06/2026,08:57:07,50.117,Normal
2026-06-18T08:57:08Z,2026-06-18T08:57:08-04:00,18/06/2026,08:57:08,50.113,Normal
2026-06-18T08:57:09Z,2026-06-18T08:57:09-04:00,18/06/2026,08:57:09,50.108,Normal
2026-06-18T08:57:10Z,2026-06-18T08:57:10-04:00,18/06/2026,08:57:10,50.103,Normal
2026-06-18T08:57:11Z,2026-06-18T08:57:11-04:00,18/06/2026,08:57:11,50.096,Normal
2026-06-18T08:57:12Z,2026-06-18T08:57:12-04:00,18/06/2026,08:57:12,50.088,Normal
2026-06-18T08:57:13Z,2026-06-18T08:57:13-04:00,18/06/2026,08:57:13,50.081,Normal
2026-06-18T08:57:14Z,2026-06-18T08:57:14-04:00,18/06/2026,08:57:14,50.075,Normal
2026-06-18T08:57:15Z,2026-06-18T08:57:15-04:00,18/06/2026,08:57:15,50.072,Normal
2026-06-18T08:57:16Z,2026-06-18T08:57:16-04:00,18/06/2026,08:57:16,50.071,Normal
2026-06-18T08:57:17Z,2026-06-18T08:57:17-04:00,18/06/2026,08:57:17,50.072,Normal
2026-06-18T08:57:18Z,2026-06-18T08:57:18-04:00,18/06/2026,08:57:18,50.073,Normal
2026-06-18T08:57:19Z,2026-06-18T08:57:19-04:00,18/06/2026,08:57:19,50.072,Normal
2026-06-18T08:57:20Z,2026-06-18T08:57:20-04:00,18/06/2026,08:57:20,50.07,Normal
2026-06-18T08:57:21Z,2026-06-18T08:57:21-04:00,18/06/2026,08:57:21,50.067,Normal
2026-06-18T08:57:22Z,2026-06-18T08:57:22-04:00,18/06/2026,08:57:22,50.063,Normal
2026-06-18T08:57:23Z,2026-06-18T08:57:23-04:00,18/06/2026,08:57:23,50.058,Normal
2026-06-18T08:57:24Z,2026-06-18T08:57:24-04:00,18/06/2026,08:57:24,50.051,Normal
2026-06-18T08:57:25Z,2026-06-18T08:57:25-04:00,18/06/2026,08:57:25,50.044,Normal
2026-06-18T08:57:26Z,2026-06-18T08:57:26-04:00,18/06/2026,08:57:26,50.038,Normal
2026-06-18T08:57:27Z,2026-06-18T08:57:27-04:00,18/06/2026,08:57:27,50.034,Normal
2026-06-18T08:57:28Z,2026-06-18T08:57:28-04:00,18/06/2026,08:57:28,50.033,Normal
2026-06-18T08:57:29Z,2026-06-18T08:57:29-04:00,18/06/2026,08:57:29,50.034,Normal
2026-06-18T08:57:30Z,2026-06-18T08:57:30-04:00,18/06/2026,08:57:30,50.036,Normal
2026-06-18T08:57:31Z,2026-06-18T08:57:31-04:00,18/06/2026,08:57:31,50.038,Normal
2026-06-18T08:57:32Z,2026-06-18T08:57:32-04:00,18/06/2026,08:57:32,50.037,Normal
2026-06-18T08:57:33Z,2026-06-18T08:57:33-04:00,18/06/2026,08:57:33,50.036,Normal
2026-06-18T08:57:34Z,2026-06-18T08:57:34-04:00,18/06/2026,08:57:34,50.037,Normal
2026-06-18T08:57:35Z,2026-06-18T08:57:35-04:00,18/06/2026,08:57:35,50.036,Normal
2026-06-18T08:57:36Z,2026-06-18T08:57:36-04:00,18/06/2026,08:57:36,50.035,Normal
2026-06-18T08:57:37Z,2026-06-18T08:57:37-04:00,18/06/2026,08:57:37,50.034,Normal
2026-06-18T08:57:38Z,2026-06-18T08:57:38-04:00,18/06/2026,08:57:38,50.034,Normal
2026-06-18T08:57:39Z,2026-06-18T08:57:39-04:00,18/06/2026,08:57:39,50.035,Normal
2026-06-18T08:57:40Z,2026-06-18T08:57:40-04:00,18/06/2026,08:57:40,50.035,Normal
2026-06-18T08:57:41Z,2026-06-18T08:57:41-04:00,18/06/2026,08:57:41,50.03,Normal
2026-06-18T08:57:42Z,2026-06-18T08:57:42-04:00,18/06/2026,08:57:42,50.025,Normal
2026-06-18T08:57:43Z,2026-06-18T08:57:43-04:00,18/06/2026,08:57:43,50.02,Normal
2026-06-18T08:57:44Z,2026-06-18T08:57:44-04:00,18/06/2026,08:57:44,50.012,Normal
2026-06-18T08:57:45Z,2026-06-18T08:57:45-04:00,18/06/2026,08:57:45,49.998,Normal
2026-06-18T08:57:46Z,2026-06-18T08:57:46-04:00,18/06/2026,08:57:46,49.979,Normal
2026-06-18T08:57:47Z,2026-06-18T08:57:47-04:00,18/06/2026,08:57:47,49.958,Normal
2026-06-18T08:57:48Z,2026-06-18T08:57:48-04:00,18/06/2026,08:57:48,49.938,Normal
2026-06-18T08:57:49Z,2026-06-18T08:57:49-04:00,18/06/2026,08:57:49,49.92,Normal
2026-06-18T08:57:50Z,2026-06-18T08:57:50-04:00,18/06/2026,08:57:50,49.912,Normal
2026-06-18T08:57:51Z,2026-06-18T08:57:51-04:00,18/06/2026,08:57:51,49.91,Normal
2026-06-18T08:57:52Z,2026-06-18T08:57:52-04:00,18/06/2026,08:57:52,49.913,Normal
2026-06-18T08:57:53Z,2026-06-18T08:57:53-04:00,18/06/2026,08:57:53,49.92,Normal
2026-06-18T08:57:54Z,2026-06-18T08:57:54-04:00,18/06/2026,08:57:54,49.928,Normal
2026-06-18T08:57:55Z,2026-06-18T08:57:55-04:00,18/06/2026,08:57:55,49.936,Normal
2026-06-18T08:57:57Z,2026-06-18T08:57:57-04:00,18/06/2026,08:57:57,49.944,Normal
2026-06-18T08:57:58Z,2026-06-18T08:57:58-04:00,18/06/2026,08:57:58,49.947,Normal
2026-06-18T08:57:59Z,2026-06-18T08:57:59-04:00,18/06/2026,08:57:59,49.953,Normal
2026-06-18T08:58:00Z,2026-06-18T08:58:00-04:00,18/06/2026,08:58:00,49.959,Normal
2026-06-18T08:58:01Z,2026-06-18T08:58:01-04:00,18/06/2026,08:58:01,49.964,Normal
2026-06-18T08:58:02Z,2026-06-18T08:58:02-04:00,18/06/2026,08:58:02,49.968,Normal
2026-06-18T08:58:03Z,2026-06-18T08:58:03-04:00,18/06/2026,08:58:03,49.97,Normal
2026-06-18T08:58:04Z,2026-06-18T08:58:04-04:00,18/06/2026,08:58:04,49.969,Normal
2026-06-18T08:58:05Z,2026-06-18T08:58:05-04:00,18/06/2026,08:58:05,49.968,Normal
2026-06-18T08:58:06Z,2026-06-18T08:58:06-04:00,18/06/2026,08:58:06,49.968,Normal
2026-06-18T08:58:07Z,2026-06-18T08:58:07-04:00,18/06/2026,08:58:07,49.969,Normal
2026-06-18T08:58:08Z,2026-06-18T08:58:08-04:00,18/06/2026,08:58:08,49.97,Normal
2026-06-18T08:58:09Z,2026-06-18T08:58:09-04:00,18/06/2026,08:58:09,49.97,Normal
2026-06-18T08:58:10Z,2026-06-18T08:58:10-04:00,18/06/2026,08:58:10,49.971,Normal
2026-06-18T08:58:11Z,2026-06-18T08:58:11-04:00,18/06/2026,08:58:11,49.971,Normal
2026-06-18T08:58:12Z,2026-06-18T08:58:12-04:00,18/06/2026,08:58:12,49.97,Normal
2026-06-18T08:58:13Z,2026-06-18T08:58:13-04:00,18/06/2026,08:58:13,49.966,Normal
2026-06-18T08:58:14Z,2026-06-18T08:58:14-04:00,18/06/2026,08:58:14,49.959,Normal
2026-06-18T08:58:15Z,2026-06-18T08:58:15-04:00,18/06/2026,08:58:15,49.95,Normal
2026-06-18T08:58:16Z,2026-06-18T08:58:16-04:00,18/06/2026,08:58:16,49.94,Normal
2026-06-18T08:58:17Z,2026-06-18T08:58:17-04:00,18/06/2026,08:58:17,49.933,Normal
2026-06-18T08:58:18Z,2026-06-18T08:58:18-04:00,18/06/2026,08:58:18,49.929,Normal
2026-06-18T08:58:19Z,2026-06-18T08:58:19-04:00,18/06/2026,08:58:19,49.927,Normal
2026-06-18T08:58:20Z,2026-06-18T08:58:20-04:00,18/06/2026,08:58:20,49.924,Normal
2026-06-18T08:58:21Z,2026-06-18T08:58:21-04:00,18/06/2026,08:58:21,49.923,Normal
2026-06-18T08:58:22Z,2026-06-18T08:58:22-04:00,18/06/2026,08:58:22,49.924,Normal
2026-06-18T08:58:23Z,2026-06-18T08:58:23-04:00,18/06/2026,08:58:23,49.927,Normal
2026-06-18T08:58:24Z,2026-06-18T08:58:24-04:00,18/06/2026,08:58:24,49.932,Normal
2026-06-18T08:58:25Z,2026-06-18T08:58:25-04:00,18/06/2026,08:58:25,49.934,Normal
2026-06-18T08:58:26Z,2026-06-18T08:58:26-04:00,18/06/2026,08:58:26,49.936,Normal
2026-06-18T08:58:27Z,2026-06-18T08:58:27-04:00,18/06/2026,08:58:27,49.939,Normal
2026-06-18T08:58:28Z,2026-06-18T08:58:28-04:00,18/06/2026,08:58:28,49.941,Normal
2026-06-18T08:58:29Z,2026-06-18T08:58:29-04:00,18/06/2026,08:58:29,49.945,Normal
2026-06-18T08:58:30Z,2026-06-18T08:58:30-04:00,18/06/2026,08:58:30,49.949,Normal
2026-06-18T08:58:31Z,2026-06-18T08:58:31-04:00,18/06/2026,08:58:31,49.954,Normal
2026-06-18T08:58:32Z,2026-06-18T08:58:32-04:00,18/06/2026,08:58:32,49.959,Normal
2026-06-18T08:58:33Z,2026-06-18T08:58:33-04:00,18/06/2026,08:58:33,49.965,Normal
2026-06-18T08:58:34Z,2026-06-18T08:58:34-04:00,18/06/2026,08:58:34,49.973,Normal
2026-06-18T08:58:35Z,2026-06-18T08:58:35-04:00,18/06/2026,08:58:35,49.983,Normal
2026-06-18T08:58:36Z,2026-06-18T08:58:36-04:00,18/06/2026,08:58:36,49.992,Normal
2026-06-18T08:58:37Z,2026-06-18T08:58:37-04:00,18/06/2026,08:58:37,50.001,Normal
2026-06-18T08:58:38Z,2026-06-18T08:58:38-04:00,18/06/2026,08:58:38,50.008,Normal
2026-06-18T08:58:39Z,2026-06-18T08:58:39-04:00,18/06/2026,08:58:39,50.017,Normal
2026-06-18T08:58:40Z,2026-06-18T08:58:40-04:00,18/06/2026,08:58:40,50.027,Normal
2026-06-18T08:58:41Z,2026-06-18T08:58:41-04:00,18/06/2026,08:58:41,50.035,Normal
2026-06-18T08:58:42Z,2026-06-18T08:58:42-04:00,18/06/2026,08:58:42,50.042,Normal
2026-06-18T08:58:43Z,2026-06-18T08:58:43-04:00,18/06/2026,08:58:43,50.048,Normal
2026-06-18T08:58:44Z,2026-06-18T08:58:44-04:00,18/06/2026,08:58:44,50.052,Normal
2026-06-18T08:58:45Z,2026-06-18T08:58:45-04:00,18/06/2026,08:58:45,50.053,Normal
2026-06-18T08:58:46Z,2026-06-18T08:58:46-04:00,18/06/2026,08:58:46,50.053,Normal
2026-06-18T08:58:47Z,2026-06-18T08:58:47-04:00,18/06/2026,08:58:47,50.052,Normal
2026-06-18T08:58:48Z,2026-06-18T08:58:48-04:00,18/06/2026,08:58:48,50.051,Normal
2026-06-18T08:58:49Z,2026-06-18T08:58:49-04:00,18/06/2026,08:58:49,50.05,Normal
2026-06-18T08:58:50Z,2026-06-18T08:58:50-04:00,18/06/2026,08:58:50,50.052,Normal
2026-06-18T08:58:51Z,2026-06-18T08:58:51-04:00,18/06/2026,08:58:51,50.054,Normal
2026-06-18T08:58:52Z,2026-06-18T08:58:52-04:00,18/06/2026,08:58:52,50.056,Normal
2026-06-18T08:58:53Z,2026-06-18T08:58:53-04:00,18/06/2026,08:58:53,50.053,Normal
2026-06-18T08:58:54Z,2026-06-18T08:58:54-04:00,18/06/2026,08:58:54,50.047,Normal
2026-06-18T08:58:55Z,2026-06-18T08:58:55-04:00,18/06/2026,08:58:55,50.043,Normal
2026-06-18T08:58:56Z,2026-06-18T08:58:56-04:00,18/06/2026,08:58:56,50.039,Normal
2026-06-18T08:58:58Z,2026-06-18T08:58:58-04:00,18/06/2026,08:58:58,50.04,Normal
2026-06-18T08:58:59Z,2026-06-18T08:58:59-04:00,18/06/2026,08:58:59,50.043,Normal
2026-06-18T08:59:00Z,2026-06-18T08:59:00-04:00,18/06/2026,08:59:00,50.046,Normal
2026-06-18T08:59:01Z,2026-06-18T08:59:01-04:00,18/06/2026,08:59:01,50.047,Normal
2026-06-18T08:59:02Z,2026-06-18T08:59:02-04:00,18/06/2026,08:59:02,50.046,Normal
2026-06-18T08:59:03Z,2026-06-18T08:59:03-04:00,18/06/2026,08:59:03,50.043,Normal
2026-06-18T08:59:04Z,2026-06-18T08:59:04-04:00,18/06/2026,08:59:04,50.037,Normal
2026-06-18T08:59:05Z,2026-06-18T08:59:05-04:00,18/06/2026,08:59:05,50.031,Normal
2026-06-18T08:59:06Z,2026-06-18T08:59:06-04:00,18/06/2026,08:59:06,50.025,Normal
2026-06-18T08:59:07Z,2026-06-18T08:59:07-04:00,18/06/2026,08:59:07,50.025,Normal
2026-06-18T08:59:08Z,2026-06-18T08:59:08-04:00,18/06/2026,08:59:08,50.029,Normal
2026-06-18T08:59:09Z,2026-06-18T08:59:09-04:00,18/06/2026,08:59:09,50.034,Normal
2026-06-18T08:59:10Z,2026-06-18T08:59:10-04:00,18/06/2026,08:59:10,50.039,Normal
2026-06-18T08:59:11Z,2026-06-18T08:59:11-04:00,18/06/2026,08:59:11,50.042,Normal
2026-06-18T08:59:12Z,2026-06-18T08:59:12-04:00,18/06/2026,08:59:12,50.044,Normal
2026-06-18T08:59:13Z,2026-06-18T08:59:13-04:00,18/06/2026,08:59:13,50.048,Normal
2026-06-18T08:59:14Z,2026-06-18T08:59:14-04:00,18/06/2026,08:59:14,50.053,Normal
2026-06-18T08:59:15Z,2026-06-18T08:59:15-04:00,18/06/2026,08:59:15,50.058,Normal
2026-06-18T08:59:16Z,2026-06-18T08:59:16-04:00,18/06/2026,08:59:16,50.063,Normal
2026-06-18T08:59:17Z,2026-06-18T08:59:17-04:00,18/06/2026,08:59:17,50.065,Normal
2026-06-18T08:59:18Z,2026-06-18T08:59:18-04:00,18/06/2026,08:59:18,50.062,Normal
2026-06-18T08:59:19Z,2026-06-18T08:59:19-04:00,18/06/2026,08:59:19,50.059,Normal
2026-06-18T08:59:20Z,2026-06-18T08:59:20-04:00,18/06/2026,08:59:20,50.054,Normal
2026-06-18T08:59:21Z,2026-06-18T08:59:21-04:00,18/06/2026,08:59:21,50.051,Normal
2026-06-18T08:59:22Z,2026-06-18T08:59:22-04:00,18/06/2026,08:59:22,50.051,Normal
2026-06-18T08:59:23Z,2026-06-18T08:59:23-04:00,18/06/2026,08:59:23,50.053,Normal
2026-06-18T08:59:24Z,2026-06-18T08:59:24-04:00,18/06/2026,08:59:24,50.057,Normal
2026-06-18T08:59:25Z,2026-06-18T08:59:25-04:00,18/06/2026,08:59:25,50.062,Normal
2026-06-18T08:59:26Z,2026-06-18T08:59:26-04:00,18/06/2026,08:59:26,50.069,Normal
2026-06-18T08:59:27Z,2026-06-18T08:59:27-04:00,18/06/2026,08:59:27,50.073,Normal
2026-06-18T08:59:28Z,2026-06-18T08:59:28-04:00,18/06/2026,08:59:28,50.073,Normal
2026-06-18T08:59:29Z,2026-06-18T08:59:29-04:00,18/06/2026,08:59:29,50.072,Normal
2026-06-18T08:59:30Z,2026-06-18T08:59:30-04:00,18/06/2026,08:59:30,50.072,Normal
2026-06-18T08:59:31Z,2026-06-18T08:59:31-04:00,18/06/2026,08:59:31,50.072,Normal
2026-06-18T08:59:32Z,2026-06-18T08:59:32-04:00,18/06/2026,08:59:32,50.073,Normal
2026-06-18T08:59:33Z,2026-06-18T08:59:33-04:00,18/06/2026,08:59:33,50.073,Normal
2026-06-18T08:59:34Z,2026-06-18T08:59:34-04:00,18/06/2026,08:59:34,50.072,Normal
2026-06-18T08:59:35Z,2026-06-18T08:59:35-04:00,18/06/2026,08:59:35,50.068,Normal
2026-06-18T08:59:36Z,2026-06-18T08:59:36-04:00,18/06/2026,08:59:36,50.063,Normal
2026-06-18T08:59:37Z,2026-06-18T08:59:37-04:00,18/06/2026,08:59:37,50.059,Normal
2026-06-18T08:59:38Z,2026-06-18T08:59:38-04:00,18/06/2026,08:59:38,50.056,Normal
2026-06-18T08:59:39Z,2026-06-18T08:59:39-04:00,18/06/2026,08:59:39,50.055,Normal
2026-06-18T08:59:40Z,2026-06-18T08:59:40-04:00,18/06/2026,08:59:40,50.053,Normal
2026-06-18T08:59:41Z,2026-06-18T08:59:41-04:00,18/06/2026,08:59:41,50.05,Normal
2026-06-18T08:59:42Z,2026-06-18T08:59:42-04:00,18/06/2026,08:59:42,50.048,Normal
2026-06-18T08:59:43Z,2026-06-18T08:59:43-04:00,18/06/2026,08:59:43,50.048,Normal
2026-06-18T08:59:44Z,2026-06-18T08:59:44-04:00,18/06/2026,08:59:44,50.047,Normal
2026-06-18T08:59:45Z,2026-06-18T08:59:45-04:00,18/06/2026,08:59:45,50.048,Normal
2026-06-18T08:59:46Z,2026-06-18T08:59:46-04:00,18/06/2026,08:59:46,50.05,Normal
2026-06-18T08:59:47Z,2026-06-18T08:59:47-04:00,18/06/2026,08:59:47,50.053,Normal
2026-06-18T08:59:48Z,2026-06-18T08:59:48-04:00,18/06/2026,08:59:48,50.056,Normal
2026-06-18T08:59:49Z,2026-06-18T08:59:49-04:00,18/06/2026,08:59:49,50.058,Normal
2026-06-18T08:59:50Z,2026-06-18T08:59:50-04:00,18/06/2026,08:59:50,50.058,Normal
2026-06-18T08:59:51Z,2026-06-18T08:59:51-04:00,18/06/2026,08:59:51,50.058,Normal
2026-06-18T08:59:52Z,2026-06-18T08:59:52-04:00,18/06/2026,08:59:52,50.055,Normal
2026-06-18T08:59:53Z,2026-06-18T08:59:53-04:00,18/06/2026,08:59:53,50.05,Normal
2026-06-18T08:59:54Z,2026-06-18T08:59:54-04:00,18/06/2026,08:59:54,50.045,Normal
2026-06-18T08:59:55Z,2026-06-18T08:59:55-04:00,18/06/2026,08:59:55,50.044,Normal
2026-06-18T08:59:56Z,2026-06-18T08:59:56-04:00,18/06/2026,08:59:56,50.043,Normal
2026-06-18T08:59:57Z,2026-06-18T08:59:57-04:00,18/06/2026,08:59:57,50.043,Normal
2026-06-18T08:59:58Z,2026-06-18T08:59:58-04:00,18/06/2026,08:59:58,50.044,Normal
2026-06-18T08:59:59Z,2026-06-18T08:59:59-04:00,18/06/2026,08:59:59,50.047,Normal
2026-06-18T09:00:00Z,2026-06-18T09:00:00-04:00,18/06/2026,09:00:00,50.049,Normal
2026-06-18T09:00:01Z,2026-06-18T09:00:01-04:00,18/06/2026,09:00:01,50.047,Normal
2026-06-18T09:00:02Z,2026-06-18T09:00:02-04:00,18/06/2026,09:00:02,50.043,Normal
2026-06-18T09:00:03Z,2026-06-18T09:00:03-04:00,18/06/2026,09:00:03,50.041,Normal
2026-06-18T09:00:04Z,2026-06-18T09:00:04-04:00,18/06/2026,09:00:04,50.039,Normal
2026-06-18T09:00:05Z,2026-06-18T09:00:05-04:00,18/06/2026,09:00:05,50.038,Normal
2026-06-18T09:00:06Z,2026-06-18T09:00:06-04:00,18/06/2026,09:00:06,50.038,Normal
2026-06-18T09:00:07Z,2026-06-18T09:00:07-04:00,18/06/2026,09:00:07,50.039,Normal
2026-06-18T09:00:08Z,2026-06-18T09:00:08-04:00,18/06/2026,09:00:08,50.039,Normal
2026-06-18T09:00:09Z,2026-06-18T09:00:09-04:00,18/06/2026,09:00:09,50.039,Normal
2026-06-18T09:00:10Z,2026-06-18T09:00:10-04:00,18/06/2026,09:00:10,50.039,Normal
2026-06-18T09:00:11Z,2026-06-18T09:00:11-04:00,18/06/2026,09:00:11,50.038,Normal
2026-06-18T09:00:12Z,2026-06-18T09:00:12-04:00,18/06/2026,09:00:12,50.038,Normal
2026-06-18T09:00:13Z,2026-06-18T09:00:13-04:00,18/06/2026,09:00:13,50.039,Normal
2026-06-18T09:00:14Z,2026-06-18T09:00:14-04:00,18/06/2026,09:00:14,50.039,Normal
2026-06-18T09:00:15Z,2026-06-18T09:00:15-04:00,18/06/2026,09:00:15,50.04,Normal
2026-06-18T09:00:16Z,2026-06-18T09:00:16-04:00,18/06/2026,09:00:16,50.039,Normal
2026-06-18T09:00:17Z,2026-06-18T09:00:17-04:00,18/06/2026,09:00:17,50.038,Normal
2026-06-18T09:00:18Z,2026-06-18T09:00:18-04:00,18/06/2026,09:00:18,50.037,Normal
2026-06-18T09:00:19Z,2026-06-18T09:00:19-04:00,18/06/2026,09:00:19,50.036,Normal
2026-06-18T09:00:20Z,2026-06-18T09:00:20-04:00,18/06/2026,09:00:20,50.036,Normal
2026-06-18T09:00:21Z,2026-06-18T09:00:21-04:00,18/06/2026,09:00:21,50.037,Normal
2026-06-18T09:00:22Z,2026-06-18T09:00:22-04:00,18/06/2026,09:00:22,50.037,Normal
2026-06-18T09:00:23Z,2026-06-18T09:00:23-04:00,18/06/2026,09:00:23,50.03,Normal
2026-06-18T09:00:24Z,2026-06-18T09:00:24-04:00,18/06/2026,09:00:24,50.011,Normal
2026-06-18T09:00:25Z,2026-06-18T09:00:25-04:00,18/06/2026,09:00:25,49.992,Normal
2026-06-18T09:00:26Z,2026-06-18T09:00:26-04:00,18/06/2026,09:00:26,49.98,Normal
2026-06-18T09:00:27Z,2026-06-18T09:00:27-04:00,18/06/2026,09:00:27,49.97,Normal
2026-06-18T09:00:28Z,2026-06-18T09:00:28-04:00,18/06/2026,09:00:28,49.961,Normal
2026-06-18T09:00:29Z,2026-06-18T09:00:29-04:00,18/06/2026,09:00:29,49.951,Normal
2026-06-18T09:00:30Z,2026-06-18T09:00:30-04:00,18/06/2026,09:00:30,49.94,Normal
2026-06-18T09:00:31Z,2026-06-18T09:00:31-04:00,18/06/2026,09:00:31,49.93,Normal
2026-06-18T09:00:32Z,2026-06-18T09:00:32-04:00,18/06/2026,09:00:32,49.925,Normal
2026-06-18T09:00:33Z,2026-06-18T09:00:33-04:00,18/06/2026,09:00:33,49.925,Normal
2026-06-18T09:00:34Z,2026-06-18T09:00:34-04:00,18/06/2026,09:00:34,49.929,Normal
2026-06-18T09:00:35Z,2026-06-18T09:00:35-04:00,18/06/2026,09:00:35,49.935,Normal
2026-06-18T09:00:36Z,2026-06-18T09:00:36-04:00,18/06/2026,09:00:36,49.942,Normal
2026-06-18T09:00:37Z,2026-06-18T09:00:37-04:00,18/06/2026,09:00:37,49.949,Normal
2026-06-18T09:00:38Z,2026-06-18T09:00:38-04:00,18/06/2026,09:00:38,49.954,Normal
2026-06-18T09:00:39Z,2026-06-18T09:00:39-04:00,18/06/2026,09:00:39,49.957,Normal
2026-06-18T09:00:40Z,2026-06-18T09:00:40-04:00,18/06/2026,09:00:40,49.957,Normal
2026-06-18T09:00:41Z,2026-06-18T09:00:41-04:00,18/06/2026,09:00:41,49.955,Normal
2026-06-18T09:00:42Z,2026-06-18T09:00:42-04:00,18/06/2026,09:00:42,49.938,Normal
2026-06-18T09:00:43Z,2026-06-18T09:00:43-04:00,18/06/2026,09:00:43,49.916,Normal
2026-06-18T09:00:44Z,2026-06-18T09:00:44-04:00,18/06/2026,09:00:44,49.892,Normal
2026-06-18T09:00:45Z,2026-06-18T09:00:45-04:00,18/06/2026,09:00:45,49.87,Normal
2026-06-18T09:00:46Z,2026-06-18T09:00:46-04:00,18/06/2026,09:00:46,49.859,Normal
2026-06-18T09:00:47Z,2026-06-18T09:00:47-04:00,18/06/2026,09:00:47,49.854,Normal
2026-06-18T09:00:48Z,2026-06-18T09:00:48-04:00,18/06/2026,09:00:48,49.86,Normal
2026-06-18T09:00:49Z,2026-06-18T09:00:49-04:00,18/06/2026,09:00:49,49.868,Normal
2026-06-18T09:00:50Z,2026-06-18T09:00:50-04:00,18/06/2026,09:00:50,49.869,Normal
2026-06-18T09:00:51Z,2026-06-18T09:00:51-04:00,18/06/2026,09:00:51,49.869,Normal
2026-06-18T09:00:52Z,2026-06-18T09:00:52-04:00,18/06/2026,09:00:52,49.867,Normal
2026-06-18T09:00:53Z,2026-06-18T09:00:53-04:00,18/06/2026,09:00:53,49.865,Normal
2026-06-18T09:00:54Z,2026-06-18T09:00:54-04:00,18/06/2026,09:00:54,49.863,Normal
2026-06-18T09:00:55Z,2026-06-18T09:00:55-04:00,18/06/2026,09:00:55,49.865,Normal
2026-06-18T09:00:56Z,2026-06-18T09:00:56-04:00,18/06/2026,09:00:56,49.868,Normal
2026-06-18T09:00:57Z,2026-06-18T09:00:57-04:00,18/06/2026,09:00:57,49.873,Normal
2026-06-18T09:00:58Z,2026-06-18T09:00:58-04:00,18/06/2026,09:00:58,49.879,Normal
2026-06-18T09:00:59Z,2026-06-18T09:00:59-04:00,18/06/2026,09:00:59,49.883,Normal
2026-06-18T09:01:00Z,2026-06-18T09:01:00-04:00,18/06/2026,09:01:00,49.885,Normal
2026-06-18T09:01:01Z,2026-06-18T09:01:01-04:00,18/06/2026,09:01:01,49.889,Normal
2026-06-18T09:01:02Z,2026-06-18T09:01:02-04:00,18/06/2026,09:01:02,49.889,Normal
2026-06-18T09:01:03Z,2026-06-18T09:01:03-04:00,18/06/2026,09:01:03,49.889,Normal
2026-06-18T09:01:04Z,2026-06-18T09:01:04-04:00,18/06/2026,09:01:04,49.885,Normal
2026-06-18T09:01:05Z,2026-06-18T09:01:05-04:00,18/06/2026,09:01:05,49.88,Normal
2026-06-18T09:01:06Z,2026-06-18T09:01:06-04:00,18/06/2026,09:01:06,49.874,Normal
2026-06-18T09:01:07Z,2026-06-18T09:01:07-04:00,18/06/2026,09:01:07,49.871,Normal
2026-06-18T09:01:08Z,2026-06-18T09:01:08-04:00,18/06/2026,09:01:08,49.875,Normal
2026-06-18T09:01:09Z,2026-06-18T09:01:09-04:00,18/06/2026,09:01:09,49.874,Normal
2026-06-18T09:01:10Z,2026-06-18T09:01:10-04:00,18/06/2026,09:01:10,49.874,Normal
2026-06-18T09:01:11Z,2026-06-18T09:01:11-04:00,18/06/2026,09:01:11,49.876,Normal
2026-06-18T09:01:12Z,2026-06-18T09:01:12-04:00,18/06/2026,09:01:12,49.877,Normal
2026-06-18T09:01:13Z,2026-06-18T09:01:13-04:00,18/06/2026,09:01:13,49.878,Normal
2026-06-18T09:01:14Z,2026-06-18T09:01:14-04:00,18/06/2026,09:01:14,49.879,Normal
2026-06-18T09:01:15Z,2026-06-18T09:01:15-04:00,18/06/2026,09:01:15,49.88,Normal
2026-06-18T09:01:16Z,2026-06-18T09:01:16-04:00,18/06/2026,09:01:16,49.88,Normal
2026-06-18T09:01:17Z,2026-06-18T09:01:17-04:00,18/06/2026,09:01:17,49.884,Normal
2026-06-18T09:01:18Z,2026-06-18T09:01:18-04:00,18/06/2026,09:01:18,49.887,Normal
2026-06-18T09:01:19Z,2026-06-18T09:01:19-04:00,18/06/2026,09:01:19,49.894,Normal
2026-06-18T09:01:20Z,2026-06-18T09:01:20-04:00,18/06/2026,09:01:20,49.9,Normal
2026-06-18T09:01:21Z,2026-06-18T09:01:21-04:00,18/06/2026,09:01:21,49.902,Normal
2026-06-18T09:01:22Z,2026-06-18T09:01:22-04:00,18/06/2026,09:01:22,49.902,Normal
2026-06-18T09:01:23Z,2026-06-18T09:01:23-04:00,18/06/2026,09:01:23,49.902,Normal
2026-06-18T09:01:24Z,2026-06-18T09:01:24-04:00,18/06/2026,09:01:24,49.9,Normal
2026-06-18T09:01:25Z,2026-06-18T09:01:25-04:00,18/06/2026,09:01:25,49.9,Normal
2026-06-18T09:01:26Z,2026-06-18T09:01:26-04:00,18/06/2026,09:01:26,49.9,Normal
2026-06-18T09:01:27Z,2026-06-18T09:01:27-04:00,18/06/2026,09:01:27,49.904,Normal
2026-06-18T09:01:28Z,2026-06-18T09:01:28-04:00,18/06/2026,09:01:28,49.906,Normal
2026-06-18T09:01:29Z,2026-06-18T09:01:29-04:00,18/06/2026,09:01:29,49.91,Normal
2026-06-18T09:01:30Z,2026-06-18T09:01:30-04:00,18/06/2026,09:01:30,49.915,Normal
2026-06-18T09:01:31Z,2026-06-18T09:01:31-04:00,18/06/2026,09:01:31,49.927,Normal
2026-06-18T09:01:32Z,2026-06-18T09:01:32-04:00,18/06/2026,09:01:32,49.941,Normal
2026-06-18T09:01:33Z,2026-06-18T09:01:33-04:00,18/06/2026,09:01:33,49.952,Normal
2026-06-18T09:01:34Z,2026-06-18T09:01:34-04:00,18/06/2026,09:01:34,49.958,Normal
2026-06-18T09:01:35Z,2026-06-18T09:01:35-04:00,18/06/2026,09:01:35,49.957,Normal
2026-06-18T09:01:36Z,2026-06-18T09:01:36-04:00,18/06/2026,09:01:36,49.953,Normal
2026-06-18T09:01:37Z,2026-06-18T09:01:37-04:00,18/06/2026,09:01:37,49.949,Normal
2026-06-18T09:01:38Z,2026-06-18T09:01:38-04:00,18/06/2026,09:01:38,49.945,Normal
2026-06-18T09:01:39Z,2026-06-18T09:01:39-04:00,18/06/2026,09:01:39,49.941,Normal
2026-06-18T09:01:40Z,2026-06-18T09:01:40-04:00,18/06/2026,09:01:40,49.933,Normal
2026-06-18T09:01:41Z,2026-06-18T09:01:41-04:00,18/06/2026,09:01:41,49.927,Normal
2026-06-18T09:01:42Z,2026-06-18T09:01:42-04:00,18/06/2026,09:01:42,49.924,Normal
2026-06-18T09:01:43Z,2026-06-18T09:01:43-04:00,18/06/2026,09:01:43,49.919,Normal
2026-06-18T09:01:44Z,2026-06-18T09:01:44-04:00,18/06/2026,09:01:44,49.912,Normal
2026-06-18T09:01:45Z,2026-06-18T09:01:45-04:00,18/06/2026,09:01:45,49.909,Normal
2026-06-18T09:01:46Z,2026-06-18T09:01:46-04:00,18/06/2026,09:01:46,49.907,Normal
2026-06-18T09:01:47Z,2026-06-18T09:01:47-04:00,18/06/2026,09:01:47,49.907,Normal
2026-06-18T09:01:48Z,2026-06-18T09:01:48-04:00,18/06/2026,09:01:48,49.907,Normal
2026-06-18T09:01:49Z,2026-06-18T09:01:49-04:00,18/06/2026,09:01:49,49.908,Normal
2026-06-18T09:01:50Z,2026-06-18T09:01:50-04:00,18/06/2026,09:01:50,49.91,Normal
2026-06-18T09:01:51Z,2026-06-18T09:01:51-04:00,18/06/2026,09:01:51,49.914,Normal
2026-06-18T09:01:52Z,2026-06-18T09:01:52-04:00,18/06/2026,09:01:52,49.915,Normal
2026-06-18T09:01:53Z,2026-06-18T09:01:53-04:00,18/06/2026,09:01:53,49.92,Normal
2026-06-18T09:01:54Z,2026-06-18T09:01:54-04:00,18/06/2026,09:01:54,49.922,Normal
2026-06-18T09:01:55Z,2026-06-18T09:01:55-04:00,18/06/2026,09:01:55,49.924,Normal
2026-06-18T09:01:56Z,2026-06-18T09:01:56-04:00,18/06/2026,09:01:56,49.923,Normal
2026-06-18T09:01:57Z,2026-06-18T09:01:57-04:00,18/06/2026,09:01:57,49.925,Normal
2026-06-18T09:01:58Z,2026-06-18T09:01:58-04:00,18/06/2026,09:01:58,49.93,Normal
2026-06-18T09:01:59Z,2026-06-18T09:01:59-04:00,18/06/2026,09:01:59,49.925,Normal
2026-06-18T09:02:00Z,2026-06-18T09:02:00-04:00,18/06/2026,09:02:00,49.907,Normal
2026-06-18T09:02:01Z,2026-06-18T09:02:01-04:00,18/06/2026,09:02:01,49.886,Normal
2026-06-18T09:02:02Z,2026-06-18T09:02:02-04:00,18/06/2026,09:02:02,49.872,Normal
2026-06-18T09:02:03Z,2026-06-18T09:02:03-04:00,18/06/2026,09:02:03,49.874,Normal
2026-06-18T09:02:04Z,2026-06-18T09:02:04-04:00,18/06/2026,09:02:04,49.878,Normal
2026-06-18T09:02:05Z,2026-06-18T09:02:05-04:00,18/06/2026,09:02:05,49.889,Normal
2026-06-18T09:02:06Z,2026-06-18T09:02:06-04:00,18/06/2026,09:02:06,49.896,Normal
2026-06-18T09:02:07Z,2026-06-18T09:02:07-04:00,18/06/2026,09:02:07,49.901,Normal
2026-06-18T09:02:08Z,2026-06-18T09:02:08-04:00,18/06/2026,09:02:08,49.906,Normal
2026-06-18T09:02:09Z,2026-06-18T09:02:09-04:00,18/06/2026,09:02:09,49.916,Normal
2026-06-18T09:02:10Z,2026-06-18T09:02:10-04:00,18/06/2026,09:02:10,49.92,Normal
2026-06-18T09:02:11Z,2026-06-18T09:02:11-04:00,18/06/2026,09:02:11,49.917,Normal
2026-06-18T09:02:12Z,2026-06-18T09:02:12-04:00,18/06/2026,09:02:12,49.92,Normal
2026-06-18T09:02:13Z,2026-06-18T09:02:13-04:00,18/06/2026,09:02:13,49.923,Normal
2026-06-18T09:02:14Z,2026-06-18T09:02:14-04:00,18/06/2026,09:02:14,49.921,Normal
2026-06-18T09:02:15Z,2026-06-18T09:02:15-04:00,18/06/2026,09:02:15,49.919,Normal
2026-06-18T09:02:16Z,2026-06-18T09:02:16-04:00,18/06/2026,09:02:16,49.923,Normal
2026-06-18T09:02:17Z,2026-06-18T09:02:17-04:00,18/06/2026,09:02:17,49.928,Normal
2026-06-18T09:02:18Z,2026-06-18T09:02:18-04:00,18/06/2026,09:02:18,49.931,Normal
2026-06-18T09:02:19Z,2026-06-18T09:02:19-04:00,18/06/2026,09:02:19,49.93,Normal
2026-06-18T09:02:20Z,2026-06-18T09:02:20-04:00,18/06/2026,09:02:20,49.924,Normal
2026-06-18T09:02:21Z,2026-06-18T09:02:21-04:00,18/06/2026,09:02:21,49.92,Normal
2026-06-18T09:02:22Z,2026-06-18T09:02:22-04:00,18/06/2026,09:02:22,49.92,Normal
2026-06-18T09:02:23Z,2026-06-18T09:02:23-04:00,18/06/2026,09:02:23,49.921,Normal
2026-06-18T09:02:24Z,2026-06-18T09:02:24-04:00,18/06/2026,09:02:24,49.925,Normal
2026-06-18T09:02:25Z,2026-06-18T09:02:25-04:00,18/06/2026,09:02:25,49.928,Normal
2026-06-18T09:02:26Z,2026-06-18T09:02:26-04:00,18/06/2026,09:02:26,49.93,Normal
2026-06-18T09:02:27Z,2026-06-18T09:02:27-04:00,18/06/2026,09:02:27,49.934,Normal
2026-06-18T09:02:28Z,2026-06-18T09:02:28-04:00,18/06/2026,09:02:28,49.939,Normal
2026-06-18T09:02:29Z,2026-06-18T09:02:29-04:00,18/06/2026,09:02:29,49.94,Normal
2026-06-18T09:02:30Z,2026-06-18T09:02:30-04:00,18/06/2026,09:02:30,49.935,Normal
2026-06-18T09:02:31Z,2026-06-18T09:02:31-04:00,18/06/2026,09:02:31,49.933,Normal
2026-06-18T09:02:32Z,2026-06-18T09:02:32-04:00,18/06/2026,09:02:32,49.933,Normal
2026-06-18T09:02:33Z,2026-06-18T09:02:33-04:00,18/06/2026,09:02:33,49.933,Normal
2026-06-18T09:02:34Z,2026-06-18T09:02:34-04:00,18/06/2026,09:02:34,49.931,Normal
2026-06-18T09:02:35Z,2026-06-18T09:02:35-04:00,18/06/2026,09:02:35,49.93,Normal
2026-06-18T09:02:36Z,2026-06-18T09:02:36-04:00,18/06/2026,09:02:36,49.928,Normal
2026-06-18T09:02:37Z,2026-06-18T09:02:37-04:00,18/06/2026,09:02:37,49.928,Normal
2026-06-18T09:02:38Z,2026-06-18T09:02:38-04:00,18/06/2026,09:02:38,49.935,Normal
2026-06-18T09:02:39Z,2026-06-18T09:02:39-04:00,18/06/2026,09:02:39,49.946,Normal
2026-06-18T09:02:40Z,2026-06-18T09:02:40-04:00,18/06/2026,09:02:40,49.952,Normal
2026-06-18T09:02:41Z,2026-06-18T09:02:41-04:00,18/06/2026,09:02:41,49.952,Normal
